{
  "project_info": {
    "project_number": "900843291632",
    "project_id": "foodiez-c6c62",
    "storage_bucket": "foodiez-c6c62.appspot.com"
  },
  "client": [
    {
      "client_info": {
        "mobilesdk_app_id": "1:900843291632:android:89807ebb925b1350b49335",
        "android_client_info": {
          "package_name": "com.mycompany.foodiez"
        }
      },
      "oauth_client": [
        {
          "client_id": "900843291632-snebnrhr3qi25vmusdk2dnu1kptc7r2d.apps.googleusercontent.com",
          "client_type": 1,
          "android_info": {
            "package_name": "com.mycompany.foodiez",
            "certificate_hash": "9bbb3186b2189ef16d8f272bdab59362c395cbb4"
          }
        },
        {
          "client_id": "900843291632-48gplnbjoqf4ajal1g0sp097tr6vi987.apps.googleusercontent.com",
          "client_type": 3
        }
      ],
      "api_key": [
        {
          "current_key": "AIzaSyCeCEjZ8l2F0GBCLvnGXz2CPOZ9rQ-lIfQ"
        }
      ],
      "services": {
        "appinvite_service": {
          "other_platform_oauth_client": [
            {
              "client_id": "900843291632-48gplnbjoqf4ajal1g0sp097tr6vi987.apps.googleusercontent.com",
              "client_type": 3
            },
            {
              "client_id": "900843291632-m5vk75f121c1tr48c894dsv1eh0q7gk4.apps.googleusercontent.com",
              "client_type": 2,
              "ios_info": {
                "bundle_id": "com.mycompany.foodiez"
              }
            }
          ]
        }
      }
    }
  ],
  "configuration_version": "1"
}